Name,Type,Flavor
bourbon,base,alcoholic
whiskey,base,alcoholic
gin,base,alcoholic
amaretto,modifier,bitter
vodka,base,alcoholic
mini umbrella,garnish,inedible
straw,garnish,inedible
strawberry,garnish,sweet
brandy,base,alcoholic
rum,base,alcoholic
scotch,base,alcoholic
cognac,base,alcoholic
tequila,base,alcoholic
calvados,base,alcoholic
galliano,modifier,sweet
white creme de cacao,modifier,sweet
jack daniels,base,alcoholic
pimms no 1,base,alcoholic
creme de noyau,modifier,sweet
campari,modifier,bitter
fernet branca,modifier,bitter
lillet,modifier,sweet
amaretto,modifier,bitter
chartreuse,base,alcoholic
schnapps,base,alcoholic
vermouth,modifier,alcoholic
ginger liqueur,base,alcoholic
dubonnet,modifier,sweet
sambuca,base,alcoholic
baileys,base,alcoholic
absinthe,base,alcoholic
kummel,base,alcoholic
drambuie,base,alcoholic
goldschlager,base,alcoholic
syrup,modifier,sweet
angostura,modifier,bitter
club soda,modifier,sweet
coca-cola,modifier,sweet
ginger beer,modifier,sweet
olive brine,garnish,bitter
peychaud's,modifier,bitter
champagne,modifier,alcoholic
water,modifier,sweet
tonic water,modifier,sweet
tonic,modifier,sweet
ginger ale,modifier,sweet
lemon soda,modifier,sour
lime soda,modifier,sour
club soda,modifier,sweet
brown sugar,garnish,sweet
sugar,garnish,sweet
white sugar,garnish,sweet
orange,garnish,sweet
pineapple,garnish,sweet
lime,garnish,sour
7up,modifier,sweet
apple juice,modifier,sweet
lemon juice,modifier,sour
orange juice,modifier,sweet
pineapple juice,modifier,sweet
lime juice,modifier,sour
cranberry juice,modifier,sweet
grapefruit juice,modifier,sweet
Pearl onions,garnish,sweet
mint,garnish,sweet
lime wedges,garnish,sour
orange zest,garnish,sour
salt-rimmed glass,garnish,bitter
sugar cube,garnish,sweet
angostura,modifier,bitter
blue curacao,garnish,sweet
grenadine,modifier,sweet
triple sec,modifier,sweet
tomato juice,modifier,sweet
ice cubes,garnish,sweet
ice,garnish,sweet
fruit,garnish,sweet